sample,tar,source_db,release,fasta
DRR576704_megahit,,REAL_SAMPLE_ASSEMBLY_BENCHMARK,r2025_10,/gscratch/pedslabs_hoffman/carsonjm/CFPhageome/repos/uhvdb-manuscript/figure_s9/real_samples/DRR576704_megahit/final.contigs.fa
DRR576704_cobra,,REAL_SAMPLE_ASSEMBLY_BENCHMARK,r2025_10,/gscratch/pedslabs_hoffman/carsonjm/CFPhageome/repos/uhvdb-manuscript/figure_s9/real_samples/cobra_DRR576704/final.contigs.new.fa
DRR576704_high_kmer,,REAL_SAMPLE_ASSEMBLY_BENCHMARK,r2025_10,/gscratch/pedslabs_hoffman/carsonjm/CFPhageome/repos/uhvdb-manuscript/figure_s9/real_samples/DRR576704_megahit_high_kmer/final.contigs.fa
SRR33880681_megahit,,REAL_SAMPLE_ASSEMBLY_BENCHMARK,r2025_10,/gscratch/pedslabs_hoffman/carsonjm/CFPhageome/repos/uhvdb-manuscript/figure_s9/real_samples/SRR33880681_megahit/final.contigs.fa
SRR33880681_cobra,,REAL_SAMPLE_ASSEMBLY_BENCHMARK,r2025_10,/gscratch/pedslabs_hoffman/carsonjm/CFPhageome/repos/uhvdb-manuscript/figure_s9/real_samples/cobra_SRR33880681/final.contigs.new.fa
SRR33880681_high_kmer,,REAL_SAMPLE_ASSEMBLY_BENCHMARK,r2025_10,/gscratch/pedslabs_hoffman/carsonjm/CFPhageome/repos/uhvdb-manuscript/figure_s9/real_samples/SRR33880681_megahit_high_kmer/final.contigs.fa
SRR24045103_megahit,,REAL_SAMPLE_ASSEMBLY_BENCHMARK,r2025_10,/gscratch/pedslabs_hoffman/carsonjm/CFPhageome/repos/uhvdb-manuscript/figure_s9/real_samples/SRR24045103_megahit/final.contigs.fa
SRR24045103_cobra,,REAL_SAMPLE_ASSEMBLY_BENCHMARK,r2025_10,/gscratch/pedslabs_hoffman/carsonjm/CFPhageome/repos/uhvdb-manuscript/figure_s9/real_samples/cobra_SRR24045103/final.contigs.new.fa
SRR24045103_high_kmer,,REAL_SAMPLE_ASSEMBLY_BENCHMARK,r2025_10,/gscratch/pedslabs_hoffman/carsonjm/CFPhageome/repos/uhvdb-manuscript/figure_s9/real_samples/SRR24045103_megahit_high_kmer/final.contigs.fa
ERR15003798_megahit,,REAL_SAMPLE_ASSEMBLY_BENCHMARK,r2025_10,/gscratch/pedslabs_hoffman/carsonjm/CFPhageome/repos/uhvdb-manuscript/figure_s9/real_samples/ERR15003798_megahit/final.contigs.fa
ERR15003798_cobra,,REAL_SAMPLE_ASSEMBLY_BENCHMARK,r2025_10,/gscratch/pedslabs_hoffman/carsonjm/CFPhageome/repos/uhvdb-manuscript/figure_s9/real_samples/cobra_ERR15003798/final.contigs.new.fa
ERR15003798_high_kmer,,REAL_SAMPLE_ASSEMBLY_BENCHMARK,r2025_10,/gscratch/pedslabs_hoffman/carsonjm/CFPhageome/repos/uhvdb-manuscript/figure_s9/real_samples/ERR15003798_megahit_high_kmer/final.contigs.fa
ERR15009342_megahit,,REAL_SAMPLE_ASSEMBLY_BENCHMARK,r2025_10,/gscratch/pedslabs_hoffman/carsonjm/CFPhageome/repos/uhvdb-manuscript/figure_s9/real_samples/ERR15009342_megahit/final.contigs.fa
ERR15009342_cobra,,REAL_SAMPLE_ASSEMBLY_BENCHMARK,r2025_10,/gscratch/pedslabs_hoffman/carsonjm/CFPhageome/repos/uhvdb-manuscript/figure_s9/real_samples/cobra_ERR15009342/final.contigs.new.fa
ERR15009342_high_kmer,,REAL_SAMPLE_ASSEMBLY_BENCHMARK,r2025_10,/gscratch/pedslabs_hoffman/carsonjm/CFPhageome/repos/uhvdb-manuscript/figure_s9/real_samples/ERR15009342_megahit_high_kmer/final.contigs.fa
SRR32373041_megahit,,REAL_SAMPLE_ASSEMBLY_BENCHMARK,r2025_10,/gscratch/pedslabs_hoffman/carsonjm/CFPhageome/repos/uhvdb-manuscript/figure_s9/real_samples/SRR32373041_megahit/final.contigs.fa
SRR32373041_cobra,,REAL_SAMPLE_ASSEMBLY_BENCHMARK,r2025_10,/gscratch/pedslabs_hoffman/carsonjm/CFPhageome/repos/uhvdb-manuscript/figure_s9/real_samples/cobra_SRR32373041/final.contigs.new.fa
SRR32373041_high_kmer,,REAL_SAMPLE_ASSEMBLY_BENCHMARK,r2025_10,/gscratch/pedslabs_hoffman/carsonjm/CFPhageome/repos/uhvdb-manuscript/figure_s9/real_samples/SRR32373041_megahit_high_kmer/final.contigs.fa
ERR13074142_megahit,,REAL_SAMPLE_ASSEMBLY_BENCHMARK,r2025_10,/gscratch/pedslabs_hoffman/carsonjm/CFPhageome/repos/uhvdb-manuscript/figure_s9/real_samples/ERR13074142_megahit/final.contigs.fa
ERR13074142_cobra,,REAL_SAMPLE_ASSEMBLY_BENCHMARK,r2025_10,/gscratch/pedslabs_hoffman/carsonjm/CFPhageome/repos/uhvdb-manuscript/figure_s9/real_samples/cobra_ERR13074142/final.contigs.new.fa
ERR13074142_high_kmer,,REAL_SAMPLE_ASSEMBLY_BENCHMARK,r2025_10,/gscratch/pedslabs_hoffman/carsonjm/CFPhageome/repos/uhvdb-manuscript/figure_s9/real_samples/ERR13074142_megahit_high_kmer/final.contigs.fa
ERR13258358_megahit,,REAL_SAMPLE_ASSEMBLY_BENCHMARK,r2025_10,/gscratch/pedslabs_hoffman/carsonjm/CFPhageome/repos/uhvdb-manuscript/figure_s9/real_samples/ERR13258358_megahit/final.contigs.fa
ERR13258358_cobra,,REAL_SAMPLE_ASSEMBLY_BENCHMARK,r2025_10,/gscratch/pedslabs_hoffman/carsonjm/CFPhageome/repos/uhvdb-manuscript/figure_s9/real_samples/cobra_ERR13258358/final.contigs.new.fa
ERR13258358_high_kmer,,REAL_SAMPLE_ASSEMBLY_BENCHMARK,r2025_10,/gscratch/pedslabs_hoffman/carsonjm/CFPhageome/repos/uhvdb-manuscript/figure_s9/real_samples/ERR13258358_megahit_high_kmer/final.contigs.fa
SRR33963773_megahit,,REAL_SAMPLE_ASSEMBLY_BENCHMARK,r2025_10,/gscratch/pedslabs_hoffman/carsonjm/CFPhageome/repos/uhvdb-manuscript/figure_s9/real_samples/SRR33963773_megahit/final.contigs.fa
SRR33963773_cobra,,REAL_SAMPLE_ASSEMBLY_BENCHMARK,r2025_10,/gscratch/pedslabs_hoffman/carsonjm/CFPhageome/repos/uhvdb-manuscript/figure_s9/real_samples/cobra_SRR33963773/final.contigs.new.fa
SRR33963773_high_kmer,,REAL_SAMPLE_ASSEMBLY_BENCHMARK,r2025_10,/gscratch/pedslabs_hoffman/carsonjm/CFPhageome/repos/uhvdb-manuscript/figure_s9/real_samples/SRR33963773_megahit_high_kmer/final.contigs.fa
SRR33735382_megahit,,REAL_SAMPLE_ASSEMBLY_BENCHMARK,r2025_10,/gscratch/pedslabs_hoffman/carsonjm/CFPhageome/repos/uhvdb-manuscript/figure_s9/real_samples/SRR33735382_megahit/final.contigs.fa
SRR33735382_cobra,,REAL_SAMPLE_ASSEMBLY_BENCHMARK,r2025_10,/gscratch/pedslabs_hoffman/carsonjm/CFPhageome/repos/uhvdb-manuscript/figure_s9/real_samples/cobra_SRR33735382/final.contigs.new.fa
SRR33735382_high_kmer,,REAL_SAMPLE_ASSEMBLY_BENCHMARK,r2025_10,/gscratch/pedslabs_hoffman/carsonjm/CFPhageome/repos/uhvdb-manuscript/figure_s9/real_samples/SRR33735382_megahit_high_kmer/final.contigs.fa
SRR31487674_megahit,,REAL_SAMPLE_ASSEMBLY_BENCHMARK,r2025_10,/gscratch/pedslabs_hoffman/carsonjm/CFPhageome/repos/uhvdb-manuscript/figure_s9/real_samples/SRR31487674_megahit/final.contigs.fa
SRR31487674_cobra,,REAL_SAMPLE_ASSEMBLY_BENCHMARK,r2025_10,/gscratch/pedslabs_hoffman/carsonjm/CFPhageome/repos/uhvdb-manuscript/figure_s9/real_samples/cobra_SRR31487674/final.contigs.new.fa
SRR31487674_high_kmer,,REAL_SAMPLE_ASSEMBLY_BENCHMARK,r2025_10,/gscratch/pedslabs_hoffman/carsonjm/CFPhageome/repos/uhvdb-manuscript/figure_s9/real_samples/SRR31487674_megahit_high_kmer/final.contigs.fa
ERR13242987_megahit,,REAL_SAMPLE_ASSEMBLY_BENCHMARK,r2025_10,/gscratch/pedslabs_hoffman/carsonjm/CFPhageome/repos/uhvdb-manuscript/figure_s9/real_samples/ERR13242987_megahit/final.contigs.fa
ERR13242987_cobra,,REAL_SAMPLE_ASSEMBLY_BENCHMARK,r2025_10,/gscratch/pedslabs_hoffman/carsonjm/CFPhageome/repos/uhvdb-manuscript/figure_s9/real_samples/cobra_ERR13242987/final.contigs.new.fa
ERR13242987_high_kmer,,REAL_SAMPLE_ASSEMBLY_BENCHMARK,r2025_10,/gscratch/pedslabs_hoffman/carsonjm/CFPhageome/repos/uhvdb-manuscript/figure_s9/real_samples/ERR13242987_megahit_high_kmer/final.contigs.fa
SRR24204194_megahit,,REAL_SAMPLE_ASSEMBLY_BENCHMARK,r2025_10,/gscratch/pedslabs_hoffman/carsonjm/CFPhageome/repos/uhvdb-manuscript/figure_s9/real_samples/SRR24204194_megahit/final.contigs.fa
SRR24204194_cobra,,REAL_SAMPLE_ASSEMBLY_BENCHMARK,r2025_10,/gscratch/pedslabs_hoffman/carsonjm/CFPhageome/repos/uhvdb-manuscript/figure_s9/real_samples/cobra_SRR24204194/final.contigs.new.fa
SRR24204194_high_kmer,,REAL_SAMPLE_ASSEMBLY_BENCHMARK,r2025_10,/gscratch/pedslabs_hoffman/carsonjm/CFPhageome/repos/uhvdb-manuscript/figure_s9/real_samples/SRR24204194_megahit_high_kmer/final.contigs.fa
SRR32138686_megahit,,REAL_SAMPLE_ASSEMBLY_BENCHMARK,r2025_10,/gscratch/pedslabs_hoffman/carsonjm/CFPhageome/repos/uhvdb-manuscript/figure_s9/real_samples/SRR32138686_megahit/final.contigs.fa
SRR32138686_cobra,,REAL_SAMPLE_ASSEMBLY_BENCHMARK,r2025_10,/gscratch/pedslabs_hoffman/carsonjm/CFPhageome/repos/uhvdb-manuscript/figure_s9/real_samples/cobra_SRR32138686/final.contigs.new.fa
SRR32138686_high_kmer,,REAL_SAMPLE_ASSEMBLY_BENCHMARK,r2025_10,/gscratch/pedslabs_hoffman/carsonjm/CFPhageome/repos/uhvdb-manuscript/figure_s9/real_samples/SRR32138686_megahit_high_kmer/final.contigs.fa
ERR15143231_megahit,,REAL_SAMPLE_ASSEMBLY_BENCHMARK,r2025_10,/gscratch/pedslabs_hoffman/carsonjm/CFPhageome/repos/uhvdb-manuscript/figure_s9/real_samples/ERR15143231_megahit/final.contigs.fa
ERR15143231_cobra,,REAL_SAMPLE_ASSEMBLY_BENCHMARK,r2025_10,/gscratch/pedslabs_hoffman/carsonjm/CFPhageome/repos/uhvdb-manuscript/figure_s9/real_samples/cobra_ERR15143231/final.contigs.new.fa
ERR15143231_high_kmer,,REAL_SAMPLE_ASSEMBLY_BENCHMARK,r2025_10,/gscratch/pedslabs_hoffman/carsonjm/CFPhageome/repos/uhvdb-manuscript/figure_s9/real_samples/ERR15143231_megahit_high_kmer/final.contigs.fa
SRR31166316_megahit,,REAL_SAMPLE_ASSEMBLY_BENCHMARK,r2025_10,/gscratch/pedslabs_hoffman/carsonjm/CFPhageome/repos/uhvdb-manuscript/figure_s9/real_samples/SRR31166316_megahit/final.contigs.fa
SRR31166316_cobra,,REAL_SAMPLE_ASSEMBLY_BENCHMARK,r2025_10,/gscratch/pedslabs_hoffman/carsonjm/CFPhageome/repos/uhvdb-manuscript/figure_s9/real_samples/cobra_SRR31166316/final.contigs.new.fa
SRR31166316_high_kmer,,REAL_SAMPLE_ASSEMBLY_BENCHMARK,r2025_10,/gscratch/pedslabs_hoffman/carsonjm/CFPhageome/repos/uhvdb-manuscript/figure_s9/real_samples/SRR31166316_megahit_high_kmer/final.contigs.fa
SRR13740659_megahit,,REAL_SAMPLE_ASSEMBLY_BENCHMARK,r2025_10,/gscratch/pedslabs_hoffman/carsonjm/CFPhageome/repos/uhvdb-manuscript/figure_s9/real_samples/SRR13740659_megahit/final.contigs.fa
SRR13740659_cobra,,REAL_SAMPLE_ASSEMBLY_BENCHMARK,r2025_10,/gscratch/pedslabs_hoffman/carsonjm/CFPhageome/repos/uhvdb-manuscript/figure_s9/real_samples/cobra_SRR13740659/final.contigs.new.fa
SRR13740659_high_kmer,,REAL_SAMPLE_ASSEMBLY_BENCHMARK,r2025_10,/gscratch/pedslabs_hoffman/carsonjm/CFPhageome/repos/uhvdb-manuscript/figure_s9/real_samples/SRR13740659_megahit_high_kmer/final.contigs.fa
ERR11779843_megahit,,REAL_SAMPLE_ASSEMBLY_BENCHMARK,r2025_10,/gscratch/pedslabs_hoffman/carsonjm/CFPhageome/repos/uhvdb-manuscript/figure_s9/real_samples/ERR11779843_megahit/final.contigs.fa
ERR11779843_cobra,,REAL_SAMPLE_ASSEMBLY_BENCHMARK,r2025_10,/gscratch/pedslabs_hoffman/carsonjm/CFPhageome/repos/uhvdb-manuscript/figure_s9/real_samples/cobra_ERR11779843/final.contigs.new.fa
ERR11779843_high_kmer,,REAL_SAMPLE_ASSEMBLY_BENCHMARK,r2025_10,/gscratch/pedslabs_hoffman/carsonjm/CFPhageome/repos/uhvdb-manuscript/figure_s9/real_samples/ERR11779843_megahit_high_kmer/final.contigs.fa
SRR28475153_megahit,,REAL_SAMPLE_ASSEMBLY_BENCHMARK,r2025_10,/gscratch/pedslabs_hoffman/carsonjm/CFPhageome/repos/uhvdb-manuscript/figure_s9/real_samples/SRR28475153_megahit/final.contigs.fa
SRR28475153_cobra,,REAL_SAMPLE_ASSEMBLY_BENCHMARK,r2025_10,/gscratch/pedslabs_hoffman/carsonjm/CFPhageome/repos/uhvdb-manuscript/figure_s9/real_samples/cobra_SRR28475153/final.contigs.new.fa
SRR28475153_high_kmer,,REAL_SAMPLE_ASSEMBLY_BENCHMARK,r2025_10,/gscratch/pedslabs_hoffman/carsonjm/CFPhageome/repos/uhvdb-manuscript/figure_s9/real_samples/SRR28475153_megahit_high_kmer/final.contigs.fa
SRR26038870_megahit,,REAL_SAMPLE_ASSEMBLY_BENCHMARK,r2025_10,/gscratch/pedslabs_hoffman/carsonjm/CFPhageome/repos/uhvdb-manuscript/figure_s9/real_samples/SRR26038870_megahit/final.contigs.fa
SRR26038870_cobra,,REAL_SAMPLE_ASSEMBLY_BENCHMARK,r2025_10,/gscratch/pedslabs_hoffman/carsonjm/CFPhageome/repos/uhvdb-manuscript/figure_s9/real_samples/cobra_SRR26038870/final.contigs.new.fa
SRR26038870_high_kmer,,REAL_SAMPLE_ASSEMBLY_BENCHMARK,r2025_10,/gscratch/pedslabs_hoffman/carsonjm/CFPhageome/repos/uhvdb-manuscript/figure_s9/real_samples/SRR26038870_megahit_high_kmer/final.contigs.fa
SRR19067311_megahit,,REAL_SAMPLE_ASSEMBLY_BENCHMARK,r2025_10,/gscratch/pedslabs_hoffman/carsonjm/CFPhageome/repos/uhvdb-manuscript/figure_s9/real_samples/SRR19067311_megahit/final.contigs.fa
SRR19067311_cobra,,REAL_SAMPLE_ASSEMBLY_BENCHMARK,r2025_10,/gscratch/pedslabs_hoffman/carsonjm/CFPhageome/repos/uhvdb-manuscript/figure_s9/real_samples/cobra_SRR19067311/final.contigs.new.fa
SRR19067311_high_kmer,,REAL_SAMPLE_ASSEMBLY_BENCHMARK,r2025_10,/gscratch/pedslabs_hoffman/carsonjm/CFPhageome/repos/uhvdb-manuscript/figure_s9/real_samples/SRR19067311_megahit_high_kmer/final.contigs.fa
SRR17635783_megahit,,REAL_SAMPLE_ASSEMBLY_BENCHMARK,r2025_10,/gscratch/pedslabs_hoffman/carsonjm/CFPhageome/repos/uhvdb-manuscript/figure_s9/real_samples/SRR17635783_megahit/final.contigs.fa
SRR17635783_cobra,,REAL_SAMPLE_ASSEMBLY_BENCHMARK,r2025_10,/gscratch/pedslabs_hoffman/carsonjm/CFPhageome/repos/uhvdb-manuscript/figure_s9/real_samples/cobra_SRR17635783/final.contigs.new.fa
SRR17635783_high_kmer,,REAL_SAMPLE_ASSEMBLY_BENCHMARK,r2025_10,/gscratch/pedslabs_hoffman/carsonjm/CFPhageome/repos/uhvdb-manuscript/figure_s9/real_samples/SRR17635783_megahit_high_kmer/final.contigs.fa
SRR21604211_megahit,,REAL_SAMPLE_ASSEMBLY_BENCHMARK,r2025_10,/gscratch/pedslabs_hoffman/carsonjm/CFPhageome/repos/uhvdb-manuscript/figure_s9/real_samples/SRR21604211_megahit/final.contigs.fa
SRR21604211_cobra,,REAL_SAMPLE_ASSEMBLY_BENCHMARK,r2025_10,/gscratch/pedslabs_hoffman/carsonjm/CFPhageome/repos/uhvdb-manuscript/figure_s9/real_samples/cobra_SRR21604211/final.contigs.new.fa
SRR21604211_high_kmer,,REAL_SAMPLE_ASSEMBLY_BENCHMARK,r2025_10,/gscratch/pedslabs_hoffman/carsonjm/CFPhageome/repos/uhvdb-manuscript/figure_s9/real_samples/SRR21604211_megahit_high_kmer/final.contigs.fa
SRR21604215_megahit,,REAL_SAMPLE_ASSEMBLY_BENCHMARK,r2025_10,/gscratch/pedslabs_hoffman/carsonjm/CFPhageome/repos/uhvdb-manuscript/figure_s9/real_samples/SRR21604215_megahit/final.contigs.fa
SRR21604215_cobra,,REAL_SAMPLE_ASSEMBLY_BENCHMARK,r2025_10,/gscratch/pedslabs_hoffman/carsonjm/CFPhageome/repos/uhvdb-manuscript/figure_s9/real_samples/cobra_SRR21604215/final.contigs.new.fa
SRR21604215_high_kmer,,REAL_SAMPLE_ASSEMBLY_BENCHMARK,r2025_10,/gscratch/pedslabs_hoffman/carsonjm/CFPhageome/repos/uhvdb-manuscript/figure_s9/real_samples/SRR21604215_megahit_high_kmer/final.contigs.fa
ERR8313245_megahit,,REAL_SAMPLE_ASSEMBLY_BENCHMARK,r2025_10,/gscratch/pedslabs_hoffman/carsonjm/CFPhageome/repos/uhvdb-manuscript/figure_s9/real_samples/ERR8313245_megahit/final.contigs.fa
ERR8313245_cobra,,REAL_SAMPLE_ASSEMBLY_BENCHMARK,r2025_10,/gscratch/pedslabs_hoffman/carsonjm/CFPhageome/repos/uhvdb-manuscript/figure_s9/real_samples/cobra_ERR8313245/final.contigs.new.fa
ERR8313245_high_kmer,,REAL_SAMPLE_ASSEMBLY_BENCHMARK,r2025_10,/gscratch/pedslabs_hoffman/carsonjm/CFPhageome/repos/uhvdb-manuscript/figure_s9/real_samples/ERR8313245_megahit_high_kmer/final.contigs.fa
SRR17858165_megahit,,REAL_SAMPLE_ASSEMBLY_BENCHMARK,r2025_10,/gscratch/pedslabs_hoffman/carsonjm/CFPhageome/repos/uhvdb-manuscript/figure_s9/real_samples/SRR17858165_megahit/final.contigs.fa
SRR17858165_cobra,,REAL_SAMPLE_ASSEMBLY_BENCHMARK,r2025_10,/gscratch/pedslabs_hoffman/carsonjm/CFPhageome/repos/uhvdb-manuscript/figure_s9/real_samples/cobra_SRR17858165/final.contigs.new.fa
SRR17858165_high_kmer,,REAL_SAMPLE_ASSEMBLY_BENCHMARK,r2025_10,/gscratch/pedslabs_hoffman/carsonjm/CFPhageome/repos/uhvdb-manuscript/figure_s9/real_samples/SRR17858165_megahit_high_kmer/final.contigs.fa
SRR28292467_megahit,,REAL_SAMPLE_ASSEMBLY_BENCHMARK,r2025_10,/gscratch/pedslabs_hoffman/carsonjm/CFPhageome/repos/uhvdb-manuscript/figure_s9/real_samples/SRR28292467_megahit/final.contigs.fa
SRR28292467_cobra,,REAL_SAMPLE_ASSEMBLY_BENCHMARK,r2025_10,/gscratch/pedslabs_hoffman/carsonjm/CFPhageome/repos/uhvdb-manuscript/figure_s9/real_samples/cobra_SRR28292467/final.contigs.new.fa
SRR28292467_high_kmer,,REAL_SAMPLE_ASSEMBLY_BENCHMARK,r2025_10,/gscratch/pedslabs_hoffman/carsonjm/CFPhageome/repos/uhvdb-manuscript/figure_s9/real_samples/SRR28292467_megahit_high_kmer/final.contigs.fa
ERR4421552_megahit,,REAL_SAMPLE_ASSEMBLY_BENCHMARK,r2025_10,/gscratch/pedslabs_hoffman/carsonjm/CFPhageome/repos/uhvdb-manuscript/figure_s9/real_samples/ERR4421552_megahit/final.contigs.fa
ERR4421552_cobra,,REAL_SAMPLE_ASSEMBLY_BENCHMARK,r2025_10,/gscratch/pedslabs_hoffman/carsonjm/CFPhageome/repos/uhvdb-manuscript/figure_s9/real_samples/cobra_ERR4421552/final.contigs.new.fa
ERR4421552_high_kmer,,REAL_SAMPLE_ASSEMBLY_BENCHMARK,r2025_10,/gscratch/pedslabs_hoffman/carsonjm/CFPhageome/repos/uhvdb-manuscript/figure_s9/real_samples/ERR4421552_megahit_high_kmer/final.contigs.fa
SRR28292499_megahit,,REAL_SAMPLE_ASSEMBLY_BENCHMARK,r2025_10,/gscratch/pedslabs_hoffman/carsonjm/CFPhageome/repos/uhvdb-manuscript/figure_s9/real_samples/SRR28292499_megahit/final.contigs.fa
SRR28292499_cobra,,REAL_SAMPLE_ASSEMBLY_BENCHMARK,r2025_10,/gscratch/pedslabs_hoffman/carsonjm/CFPhageome/repos/uhvdb-manuscript/figure_s9/real_samples/cobra_SRR28292499/final.contigs.new.fa
SRR28292499_high_kmer,,REAL_SAMPLE_ASSEMBLY_BENCHMARK,r2025_10,/gscratch/pedslabs_hoffman/carsonjm/CFPhageome/repos/uhvdb-manuscript/figure_s9/real_samples/SRR28292499_megahit_high_kmer/final.contigs.fa
ERR8303642_megahit,,REAL_SAMPLE_ASSEMBLY_BENCHMARK,r2025_10,/gscratch/pedslabs_hoffman/carsonjm/CFPhageome/repos/uhvdb-manuscript/figure_s9/real_samples/ERR8303642_megahit/final.contigs.fa
ERR8303642_cobra,,REAL_SAMPLE_ASSEMBLY_BENCHMARK,r2025_10,/gscratch/pedslabs_hoffman/carsonjm/CFPhageome/repos/uhvdb-manuscript/figure_s9/real_samples/cobra_ERR8303642/final.contigs.new.fa
ERR8303642_high_kmer,,REAL_SAMPLE_ASSEMBLY_BENCHMARK,r2025_10,/gscratch/pedslabs_hoffman/carsonjm/CFPhageome/repos/uhvdb-manuscript/figure_s9/real_samples/ERR8303642_megahit_high_kmer/final.contigs.fa
SRR29646168_megahit,,REAL_SAMPLE_ASSEMBLY_BENCHMARK,r2025_10,/gscratch/pedslabs_hoffman/carsonjm/CFPhageome/repos/uhvdb-manuscript/figure_s9/real_samples/SRR29646168_megahit/final.contigs.fa
SRR29646168_cobra,,REAL_SAMPLE_ASSEMBLY_BENCHMARK,r2025_10,/gscratch/pedslabs_hoffman/carsonjm/CFPhageome/repos/uhvdb-manuscript/figure_s9/real_samples/cobra_SRR29646168/final.contigs.new.fa
SRR29646168_high_kmer,,REAL_SAMPLE_ASSEMBLY_BENCHMARK,r2025_10,/gscratch/pedslabs_hoffman/carsonjm/CFPhageome/repos/uhvdb-manuscript/figure_s9/real_samples/SRR29646168_megahit_high_kmer/final.contigs.fa
SRR33730233_megahit,,REAL_SAMPLE_ASSEMBLY_BENCHMARK,r2025_10,/gscratch/pedslabs_hoffman/carsonjm/CFPhageome/repos/uhvdb-manuscript/figure_s9/real_samples/SRR33730233_megahit/final.contigs.fa
SRR33730233_cobra,,REAL_SAMPLE_ASSEMBLY_BENCHMARK,r2025_10,/gscratch/pedslabs_hoffman/carsonjm/CFPhageome/repos/uhvdb-manuscript/figure_s9/real_samples/cobra_SRR33730233/final.contigs.new.fa
SRR33730233_high_kmer,,REAL_SAMPLE_ASSEMBLY_BENCHMARK,r2025_10,/gscratch/pedslabs_hoffman/carsonjm/CFPhageome/repos/uhvdb-manuscript/figure_s9/real_samples/SRR33730233_megahit_high_kmer/final.contigs.fa
SRR29257784_megahit,,REAL_SAMPLE_ASSEMBLY_BENCHMARK,r2025_10,/gscratch/pedslabs_hoffman/carsonjm/CFPhageome/repos/uhvdb-manuscript/figure_s9/real_samples/SRR29257784_megahit/final.contigs.fa
SRR29257784_cobra,,REAL_SAMPLE_ASSEMBLY_BENCHMARK,r2025_10,/gscratch/pedslabs_hoffman/carsonjm/CFPhageome/repos/uhvdb-manuscript/figure_s9/real_samples/cobra_SRR29257784/final.contigs.new.fa
SRR29257784_high_kmer,,REAL_SAMPLE_ASSEMBLY_BENCHMARK,r2025_10,/gscratch/pedslabs_hoffman/carsonjm/CFPhageome/repos/uhvdb-manuscript/figure_s9/real_samples/SRR29257784_megahit_high_kmer/final.contigs.fa
DRR658771_megahit,,REAL_SAMPLE_ASSEMBLY_BENCHMARK,r2025_10,/gscratch/pedslabs_hoffman/carsonjm/CFPhageome/repos/uhvdb-manuscript/figure_s9/real_samples/DRR658771_megahit/final.contigs.fa
DRR658771_cobra,,REAL_SAMPLE_ASSEMBLY_BENCHMARK,r2025_10,/gscratch/pedslabs_hoffman/carsonjm/CFPhageome/repos/uhvdb-manuscript/figure_s9/real_samples/cobra_DRR658771/final.contigs.new.fa
DRR658771_high_kmer,,REAL_SAMPLE_ASSEMBLY_BENCHMARK,r2025_10,/gscratch/pedslabs_hoffman/carsonjm/CFPhageome/repos/uhvdb-manuscript/figure_s9/real_samples/DRR658771_megahit_high_kmer/final.contigs.fa
SRR29646164_megahit,,REAL_SAMPLE_ASSEMBLY_BENCHMARK,r2025_10,/gscratch/pedslabs_hoffman/carsonjm/CFPhageome/repos/uhvdb-manuscript/figure_s9/real_samples/SRR29646164_megahit/final.contigs.fa
SRR29646164_cobra,,REAL_SAMPLE_ASSEMBLY_BENCHMARK,r2025_10,/gscratch/pedslabs_hoffman/carsonjm/CFPhageome/repos/uhvdb-manuscript/figure_s9/real_samples/cobra_SRR29646164/final.contigs.new.fa
SRR29646164_high_kmer,,REAL_SAMPLE_ASSEMBLY_BENCHMARK,r2025_10,/gscratch/pedslabs_hoffman/carsonjm/CFPhageome/repos/uhvdb-manuscript/figure_s9/real_samples/SRR29646164_megahit_high_kmer/final.contigs.fa
SRR29646177_megahit,,REAL_SAMPLE_ASSEMBLY_BENCHMARK,r2025_10,/gscratch/pedslabs_hoffman/carsonjm/CFPhageome/repos/uhvdb-manuscript/figure_s9/real_samples/SRR29646177_megahit/final.contigs.fa
SRR29646177_cobra,,REAL_SAMPLE_ASSEMBLY_BENCHMARK,r2025_10,/gscratch/pedslabs_hoffman/carsonjm/CFPhageome/repos/uhvdb-manuscript/figure_s9/real_samples/cobra_SRR29646177/final.contigs.new.fa
SRR29646177_high_kmer,,REAL_SAMPLE_ASSEMBLY_BENCHMARK,r2025_10,/gscratch/pedslabs_hoffman/carsonjm/CFPhageome/repos/uhvdb-manuscript/figure_s9/real_samples/SRR29646177_megahit_high_kmer/final.contigs.fa
SRR29646169_megahit,,REAL_SAMPLE_ASSEMBLY_BENCHMARK,r2025_10,/gscratch/pedslabs_hoffman/carsonjm/CFPhageome/repos/uhvdb-manuscript/figure_s9/real_samples/SRR29646169_megahit/final.contigs.fa
SRR29646169_cobra,,REAL_SAMPLE_ASSEMBLY_BENCHMARK,r2025_10,/gscratch/pedslabs_hoffman/carsonjm/CFPhageome/repos/uhvdb-manuscript/figure_s9/real_samples/cobra_SRR29646169/final.contigs.new.fa
SRR29646169_high_kmer,,REAL_SAMPLE_ASSEMBLY_BENCHMARK,r2025_10,/gscratch/pedslabs_hoffman/carsonjm/CFPhageome/repos/uhvdb-manuscript/figure_s9/real_samples/SRR29646169_megahit_high_kmer/final.contigs.fa
ERR15003786_megahit,,REAL_SAMPLE_ASSEMBLY_BENCHMARK,r2025_10,/gscratch/pedslabs_hoffman/carsonjm/CFPhageome/repos/uhvdb-manuscript/figure_s9/real_samples/ERR15003786_megahit/final.contigs.fa
ERR15003786_cobra,,REAL_SAMPLE_ASSEMBLY_BENCHMARK,r2025_10,/gscratch/pedslabs_hoffman/carsonjm/CFPhageome/repos/uhvdb-manuscript/figure_s9/real_samples/cobra_ERR15003786/final.contigs.new.fa
ERR15003786_high_kmer,,REAL_SAMPLE_ASSEMBLY_BENCHMARK,r2025_10,/gscratch/pedslabs_hoffman/carsonjm/CFPhageome/repos/uhvdb-manuscript/figure_s9/real_samples/ERR15003786_megahit_high_kmer/final.contigs.fa
SRR29646175_megahit,,REAL_SAMPLE_ASSEMBLY_BENCHMARK,r2025_10,/gscratch/pedslabs_hoffman/carsonjm/CFPhageome/repos/uhvdb-manuscript/figure_s9/real_samples/SRR29646175_megahit/final.contigs.fa
SRR29646175_cobra,,REAL_SAMPLE_ASSEMBLY_BENCHMARK,r2025_10,/gscratch/pedslabs_hoffman/carsonjm/CFPhageome/repos/uhvdb-manuscript/figure_s9/real_samples/cobra_SRR29646175/final.contigs.new.fa
SRR29646175_high_kmer,,REAL_SAMPLE_ASSEMBLY_BENCHMARK,r2025_10,/gscratch/pedslabs_hoffman/carsonjm/CFPhageome/repos/uhvdb-manuscript/figure_s9/real_samples/SRR29646175_megahit_high_kmer/final.contigs.fa
DRR658781_megahit,,REAL_SAMPLE_ASSEMBLY_BENCHMARK,r2025_10,/gscratch/pedslabs_hoffman/carsonjm/CFPhageome/repos/uhvdb-manuscript/figure_s9/real_samples/DRR658781_megahit/final.contigs.fa
DRR658781_cobra,,REAL_SAMPLE_ASSEMBLY_BENCHMARK,r2025_10,/gscratch/pedslabs_hoffman/carsonjm/CFPhageome/repos/uhvdb-manuscript/figure_s9/real_samples/cobra_DRR658781/final.contigs.new.fa
DRR658781_high_kmer,,REAL_SAMPLE_ASSEMBLY_BENCHMARK,r2025_10,/gscratch/pedslabs_hoffman/carsonjm/CFPhageome/repos/uhvdb-manuscript/figure_s9/real_samples/DRR658781_megahit_high_kmer/final.contigs.fa
SRR29257947_megahit,,REAL_SAMPLE_ASSEMBLY_BENCHMARK,r2025_10,/gscratch/pedslabs_hoffman/carsonjm/CFPhageome/repos/uhvdb-manuscript/figure_s9/real_samples/SRR29257947_megahit/final.contigs.fa
SRR29257947_cobra,,REAL_SAMPLE_ASSEMBLY_BENCHMARK,r2025_10,/gscratch/pedslabs_hoffman/carsonjm/CFPhageome/repos/uhvdb-manuscript/figure_s9/real_samples/cobra_SRR29257947/final.contigs.new.fa
SRR29257947_high_kmer,,REAL_SAMPLE_ASSEMBLY_BENCHMARK,r2025_10,/gscratch/pedslabs_hoffman/carsonjm/CFPhageome/repos/uhvdb-manuscript/figure_s9/real_samples/SRR29257947_megahit_high_kmer/final.contigs.fa
SRR33730230_megahit,,REAL_SAMPLE_ASSEMBLY_BENCHMARK,r2025_10,/gscratch/pedslabs_hoffman/carsonjm/CFPhageome/repos/uhvdb-manuscript/figure_s9/real_samples/SRR33730230_megahit/final.contigs.fa
SRR33730230_cobra,,REAL_SAMPLE_ASSEMBLY_BENCHMARK,r2025_10,/gscratch/pedslabs_hoffman/carsonjm/CFPhageome/repos/uhvdb-manuscript/figure_s9/real_samples/cobra_SRR33730230/final.contigs.new.fa
SRR33730230_high_kmer,,REAL_SAMPLE_ASSEMBLY_BENCHMARK,r2025_10,/gscratch/pedslabs_hoffman/carsonjm/CFPhageome/repos/uhvdb-manuscript/figure_s9/real_samples/SRR33730230_megahit_high_kmer/final.contigs.fa
DRR658764_megahit,,REAL_SAMPLE_ASSEMBLY_BENCHMARK,r2025_10,/gscratch/pedslabs_hoffman/carsonjm/CFPhageome/repos/uhvdb-manuscript/figure_s9/real_samples/DRR658764_megahit/final.contigs.fa
DRR658764_cobra,,REAL_SAMPLE_ASSEMBLY_BENCHMARK,r2025_10,/gscratch/pedslabs_hoffman/carsonjm/CFPhageome/repos/uhvdb-manuscript/figure_s9/real_samples/cobra_DRR658764/final.contigs.new.fa
DRR658764_high_kmer,,REAL_SAMPLE_ASSEMBLY_BENCHMARK,r2025_10,/gscratch/pedslabs_hoffman/carsonjm/CFPhageome/repos/uhvdb-manuscript/figure_s9/real_samples/DRR658764_megahit_high_kmer/final.contigs.fa
SRR29257787_megahit,,REAL_SAMPLE_ASSEMBLY_BENCHMARK,r2025_10,/gscratch/pedslabs_hoffman/carsonjm/CFPhageome/repos/uhvdb-manuscript/figure_s9/real_samples/SRR29257787_megahit/final.contigs.fa
SRR29257787_cobra,,REAL_SAMPLE_ASSEMBLY_BENCHMARK,r2025_10,/gscratch/pedslabs_hoffman/carsonjm/CFPhageome/repos/uhvdb-manuscript/figure_s9/real_samples/cobra_SRR29257787/final.contigs.new.fa
SRR29257787_high_kmer,,REAL_SAMPLE_ASSEMBLY_BENCHMARK,r2025_10,/gscratch/pedslabs_hoffman/carsonjm/CFPhageome/repos/uhvdb-manuscript/figure_s9/real_samples/SRR29257787_megahit_high_kmer/final.contigs.fa
ERR15003953_megahit,,REAL_SAMPLE_ASSEMBLY_BENCHMARK,r2025_10,/gscratch/pedslabs_hoffman/carsonjm/CFPhageome/repos/uhvdb-manuscript/figure_s9/real_samples/ERR15003953_megahit/final.contigs.fa
ERR15003953_cobra,,REAL_SAMPLE_ASSEMBLY_BENCHMARK,r2025_10,/gscratch/pedslabs_hoffman/carsonjm/CFPhageome/repos/uhvdb-manuscript/figure_s9/real_samples/cobra_ERR15003953/final.contigs.new.fa
ERR15003953_high_kmer,,REAL_SAMPLE_ASSEMBLY_BENCHMARK,r2025_10,/gscratch/pedslabs_hoffman/carsonjm/CFPhageome/repos/uhvdb-manuscript/figure_s9/real_samples/ERR15003953_megahit_high_kmer/final.contigs.fa
SRR23704109_megahit,,REAL_SAMPLE_ASSEMBLY_BENCHMARK,r2025_10,/gscratch/pedslabs_hoffman/carsonjm/CFPhageome/repos/uhvdb-manuscript/figure_s9/real_samples/SRR23704109_megahit/final.contigs.fa
SRR23704109_cobra,,REAL_SAMPLE_ASSEMBLY_BENCHMARK,r2025_10,/gscratch/pedslabs_hoffman/carsonjm/CFPhageome/repos/uhvdb-manuscript/figure_s9/real_samples/cobra_SRR23704109/final.contigs.new.fa
SRR23704109_high_kmer,,REAL_SAMPLE_ASSEMBLY_BENCHMARK,r2025_10,/gscratch/pedslabs_hoffman/carsonjm/CFPhageome/repos/uhvdb-manuscript/figure_s9/real_samples/SRR23704109_megahit_high_kmer/final.contigs.fa
SRR30883057_megahit,,REAL_SAMPLE_ASSEMBLY_BENCHMARK,r2025_10,/gscratch/pedslabs_hoffman/carsonjm/CFPhageome/repos/uhvdb-manuscript/figure_s9/real_samples/SRR30883057_megahit/final.contigs.fa
SRR30883057_cobra,,REAL_SAMPLE_ASSEMBLY_BENCHMARK,r2025_10,/gscratch/pedslabs_hoffman/carsonjm/CFPhageome/repos/uhvdb-manuscript/figure_s9/real_samples/cobra_SRR30883057/final.contigs.new.fa
SRR30883057_high_kmer,,REAL_SAMPLE_ASSEMBLY_BENCHMARK,r2025_10,/gscratch/pedslabs_hoffman/carsonjm/CFPhageome/repos/uhvdb-manuscript/figure_s9/real_samples/SRR30883057_megahit_high_kmer/final.contigs.fa
SRR3182023_megahit,,REAL_SAMPLE_ASSEMBLY_BENCHMARK,r2025_10,/gscratch/pedslabs_hoffman/carsonjm/CFPhageome/repos/uhvdb-manuscript/figure_s9/real_samples/SRR3182023_megahit/final.contigs.fa
SRR3182023_cobra,,REAL_SAMPLE_ASSEMBLY_BENCHMARK,r2025_10,/gscratch/pedslabs_hoffman/carsonjm/CFPhageome/repos/uhvdb-manuscript/figure_s9/real_samples/cobra_SRR3182023/final.contigs.new.fa
SRR3182023_high_kmer,,REAL_SAMPLE_ASSEMBLY_BENCHMARK,r2025_10,/gscratch/pedslabs_hoffman/carsonjm/CFPhageome/repos/uhvdb-manuscript/figure_s9/real_samples/SRR3182023_megahit_high_kmer/final.contigs.fa
SRR9965960_megahit,,REAL_SAMPLE_ASSEMBLY_BENCHMARK,r2025_10,/gscratch/pedslabs_hoffman/carsonjm/CFPhageome/repos/uhvdb-manuscript/figure_s9/real_samples/SRR9965960_megahit/final.contigs.fa
SRR9965960_cobra,,REAL_SAMPLE_ASSEMBLY_BENCHMARK,r2025_10,/gscratch/pedslabs_hoffman/carsonjm/CFPhageome/repos/uhvdb-manuscript/figure_s9/real_samples/cobra_SRR9965960/final.contigs.new.fa
SRR9965960_high_kmer,,REAL_SAMPLE_ASSEMBLY_BENCHMARK,r2025_10,/gscratch/pedslabs_hoffman/carsonjm/CFPhageome/repos/uhvdb-manuscript/figure_s9/real_samples/SRR9965960_megahit_high_kmer/final.contigs.fa
SRR1647483_megahit,,REAL_SAMPLE_ASSEMBLY_BENCHMARK,r2025_10,/gscratch/pedslabs_hoffman/carsonjm/CFPhageome/repos/uhvdb-manuscript/figure_s9/real_samples/SRR1647483_megahit/final.contigs.fa
SRR1647483_cobra,,REAL_SAMPLE_ASSEMBLY_BENCHMARK,r2025_10,/gscratch/pedslabs_hoffman/carsonjm/CFPhageome/repos/uhvdb-manuscript/figure_s9/real_samples/cobra_SRR1647483/final.contigs.new.fa
SRR1647483_high_kmer,,REAL_SAMPLE_ASSEMBLY_BENCHMARK,r2025_10,/gscratch/pedslabs_hoffman/carsonjm/CFPhageome/repos/uhvdb-manuscript/figure_s9/real_samples/SRR1647483_megahit_high_kmer/final.contigs.fa
SRR8247761_megahit,,REAL_SAMPLE_ASSEMBLY_BENCHMARK,r2025_10,/gscratch/pedslabs_hoffman/carsonjm/CFPhageome/repos/uhvdb-manuscript/figure_s9/real_samples/SRR8247761_megahit/final.contigs.fa
SRR8247761_cobra,,REAL_SAMPLE_ASSEMBLY_BENCHMARK,r2025_10,/gscratch/pedslabs_hoffman/carsonjm/CFPhageome/repos/uhvdb-manuscript/figure_s9/real_samples/cobra_SRR8247761/final.contigs.new.fa
SRR8247761_high_kmer,,REAL_SAMPLE_ASSEMBLY_BENCHMARK,r2025_10,/gscratch/pedslabs_hoffman/carsonjm/CFPhageome/repos/uhvdb-manuscript/figure_s9/real_samples/SRR8247761_megahit_high_kmer/final.contigs.fa
SRR29763452_megahit,,REAL_SAMPLE_ASSEMBLY_BENCHMARK,r2025_10,/gscratch/pedslabs_hoffman/carsonjm/CFPhageome/repos/uhvdb-manuscript/figure_s9/real_samples/SRR29763452_megahit/final.contigs.fa
SRR29763452_cobra,,REAL_SAMPLE_ASSEMBLY_BENCHMARK,r2025_10,/gscratch/pedslabs_hoffman/carsonjm/CFPhageome/repos/uhvdb-manuscript/figure_s9/real_samples/cobra_SRR29763452/final.contigs.new.fa
SRR29763452_high_kmer,,REAL_SAMPLE_ASSEMBLY_BENCHMARK,r2025_10,/gscratch/pedslabs_hoffman/carsonjm/CFPhageome/repos/uhvdb-manuscript/figure_s9/real_samples/SRR29763452_megahit_high_kmer/final.contigs.fa
SRR18292668_megahit,,REAL_SAMPLE_ASSEMBLY_BENCHMARK,r2025_10,/gscratch/pedslabs_hoffman/carsonjm/CFPhageome/repos/uhvdb-manuscript/figure_s9/real_samples/SRR18292668_megahit/final.contigs.fa
SRR18292668_cobra,,REAL_SAMPLE_ASSEMBLY_BENCHMARK,r2025_10,/gscratch/pedslabs_hoffman/carsonjm/CFPhageome/repos/uhvdb-manuscript/figure_s9/real_samples/cobra_SRR18292668/final.contigs.new.fa
SRR18292668_high_kmer,,REAL_SAMPLE_ASSEMBLY_BENCHMARK,r2025_10,/gscratch/pedslabs_hoffman/carsonjm/CFPhageome/repos/uhvdb-manuscript/figure_s9/real_samples/SRR18292668_megahit_high_kmer/final.contigs.fa
SRR1950742_megahit,,REAL_SAMPLE_ASSEMBLY_BENCHMARK,r2025_10,/gscratch/pedslabs_hoffman/carsonjm/CFPhageome/repos/uhvdb-manuscript/figure_s9/real_samples/SRR1950742_megahit/final.contigs.fa
SRR1950742_cobra,,REAL_SAMPLE_ASSEMBLY_BENCHMARK,r2025_10,/gscratch/pedslabs_hoffman/carsonjm/CFPhageome/repos/uhvdb-manuscript/figure_s9/real_samples/cobra_SRR1950742/final.contigs.new.fa
SRR1950742_high_kmer,,REAL_SAMPLE_ASSEMBLY_BENCHMARK,r2025_10,/gscratch/pedslabs_hoffman/carsonjm/CFPhageome/repos/uhvdb-manuscript/figure_s9/real_samples/SRR1950742_megahit_high_kmer/final.contigs.fa
SRR29213212_megahit,,REAL_SAMPLE_ASSEMBLY_BENCHMARK,r2025_10,/gscratch/pedslabs_hoffman/carsonjm/CFPhageome/repos/uhvdb-manuscript/figure_s9/real_samples/SRR29213212_megahit/final.contigs.fa
SRR29213212_cobra,,REAL_SAMPLE_ASSEMBLY_BENCHMARK,r2025_10,/gscratch/pedslabs_hoffman/carsonjm/CFPhageome/repos/uhvdb-manuscript/figure_s9/real_samples/cobra_SRR29213212/final.contigs.new.fa
SRR29213212_high_kmer,,REAL_SAMPLE_ASSEMBLY_BENCHMARK,r2025_10,/gscratch/pedslabs_hoffman/carsonjm/CFPhageome/repos/uhvdb-manuscript/figure_s9/real_samples/SRR29213212_megahit_high_kmer/final.contigs.fa
SRR29763358_megahit,,REAL_SAMPLE_ASSEMBLY_BENCHMARK,r2025_10,/gscratch/pedslabs_hoffman/carsonjm/CFPhageome/repos/uhvdb-manuscript/figure_s9/real_samples/SRR29763358_megahit/final.contigs.fa
SRR29763358_cobra,,REAL_SAMPLE_ASSEMBLY_BENCHMARK,r2025_10,/gscratch/pedslabs_hoffman/carsonjm/CFPhageome/repos/uhvdb-manuscript/figure_s9/real_samples/cobra_SRR29763358/final.contigs.new.fa
SRR29763358_high_kmer,,REAL_SAMPLE_ASSEMBLY_BENCHMARK,r2025_10,/gscratch/pedslabs_hoffman/carsonjm/CFPhageome/repos/uhvdb-manuscript/figure_s9/real_samples/SRR29763358_megahit_high_kmer/final.contigs.fa
SRR21973346_megahit,,REAL_SAMPLE_ASSEMBLY_BENCHMARK,r2025_10,/gscratch/pedslabs_hoffman/carsonjm/CFPhageome/repos/uhvdb-manuscript/figure_s9/real_samples/SRR21973346_megahit/final.contigs.fa
SRR21973346_cobra,,REAL_SAMPLE_ASSEMBLY_BENCHMARK,r2025_10,/gscratch/pedslabs_hoffman/carsonjm/CFPhageome/repos/uhvdb-manuscript/figure_s9/real_samples/cobra_SRR21973346/final.contigs.new.fa
SRR21973346_high_kmer,,REAL_SAMPLE_ASSEMBLY_BENCHMARK,r2025_10,/gscratch/pedslabs_hoffman/carsonjm/CFPhageome/repos/uhvdb-manuscript/figure_s9/real_samples/SRR21973346_megahit_high_kmer/final.contigs.fa
SRR12173155_megahit,,REAL_SAMPLE_ASSEMBLY_BENCHMARK,r2025_10,/gscratch/pedslabs_hoffman/carsonjm/CFPhageome/repos/uhvdb-manuscript/figure_s9/real_samples/SRR12173155_megahit/final.contigs.fa
SRR12173155_cobra,,REAL_SAMPLE_ASSEMBLY_BENCHMARK,r2025_10,/gscratch/pedslabs_hoffman/carsonjm/CFPhageome/repos/uhvdb-manuscript/figure_s9/real_samples/cobra_SRR12173155/final.contigs.new.fa
SRR12173155_high_kmer,,REAL_SAMPLE_ASSEMBLY_BENCHMARK,r2025_10,/gscratch/pedslabs_hoffman/carsonjm/CFPhageome/repos/uhvdb-manuscript/figure_s9/real_samples/SRR12173155_megahit_high_kmer/final.contigs.fa
SRR12542671_megahit,,REAL_SAMPLE_ASSEMBLY_BENCHMARK,r2025_10,/gscratch/pedslabs_hoffman/carsonjm/CFPhageome/repos/uhvdb-manuscript/figure_s9/real_samples/SRR12542671_megahit/final.contigs.fa
SRR12542671_cobra,,REAL_SAMPLE_ASSEMBLY_BENCHMARK,r2025_10,/gscratch/pedslabs_hoffman/carsonjm/CFPhageome/repos/uhvdb-manuscript/figure_s9/real_samples/cobra_SRR12542671/final.contigs.new.fa
SRR12542671_high_kmer,,REAL_SAMPLE_ASSEMBLY_BENCHMARK,r2025_10,/gscratch/pedslabs_hoffman/carsonjm/CFPhageome/repos/uhvdb-manuscript/figure_s9/real_samples/SRR12542671_megahit_high_kmer/final.contigs.fa
SRR27883930_megahit,,REAL_SAMPLE_ASSEMBLY_BENCHMARK,r2025_10,/gscratch/pedslabs_hoffman/carsonjm/CFPhageome/repos/uhvdb-manuscript/figure_s9/real_samples/SRR27883930_megahit/final.contigs.fa
SRR27883930_cobra,,REAL_SAMPLE_ASSEMBLY_BENCHMARK,r2025_10,/gscratch/pedslabs_hoffman/carsonjm/CFPhageome/repos/uhvdb-manuscript/figure_s9/real_samples/cobra_SRR27883930/final.contigs.new.fa
SRR27883930_high_kmer,,REAL_SAMPLE_ASSEMBLY_BENCHMARK,r2025_10,/gscratch/pedslabs_hoffman/carsonjm/CFPhageome/repos/uhvdb-manuscript/figure_s9/real_samples/SRR27883930_megahit_high_kmer/final.contigs.fa
