bioproject,acc,biosample,consent,releasedate,librarysource,libraryselection,librarylayout,platform,instrument,organism,mbases,avgspotlen,assay_type,group,sample
PRJNA1129267,SRR29646171,SAMN42148624,public,2025-06-21,TRANSCRIPTOMIC,other,PAIRED,ILLUMINA,Illumina NovaSeq 6000,human oral metagenome,4123,302,RNA-Seq,SAMN42148624,SRR29646171
PRJDB20343,DRR658767,SAMD00889233,public,2025-05-01,METAGENOMIC,RANDOM,PAIRED,ILLUMINA,Illumina NovaSeq X,human oral metagenome,2821,299,WGS,SAMD00889233,DRR658767
PRJDB20343,DRR658775,SAMD00889241,public,2025-05-01,METAGENOMIC,RANDOM,PAIRED,ILLUMINA,Illumina NovaSeq X,human oral metagenome,9461,299,WGS,SAMD00889241,DRR658775
PRJNA1129267,SRR29646177,SAMN42148610,public,2025-06-21,TRANSCRIPTOMIC,other,PAIRED,ILLUMINA,Illumina NovaSeq 6000,human oral metagenome,3537,302,RNA-Seq,SAMN42148610,SRR29646177
PRJNA1129267,SRR29646163,SAMN42148619,public,2025-06-21,TRANSCRIPTOMIC,other,PAIRED,ILLUMINA,Illumina NovaSeq 6000,human oral metagenome,4171,302,RNA-Seq,SAMN42148619,SRR29646163
PRJEB74139,ERR12814860,SAMEA115430622,public,2025-05-02,METAGENOMIC,RANDOM,PAIRED,ILLUMINA,Illumina NovaSeq 6000,human oral metagenome,8020,300,WGS,SAMEA115430622,ERR12814860
PRJEB74139,ERR12814950,SAMEA115430615,public,2025-05-02,METAGENOMIC,RANDOM,PAIRED,ILLUMINA,Illumina NovaSeq 6000,human oral metagenome,7840,300,WGS,SAMEA115430615,ERR12814950
PRJDB20343,DRR658771,SAMD00889237,public,2025-05-01,METAGENOMIC,RANDOM,PAIRED,ILLUMINA,Illumina NovaSeq X,human oral metagenome,7875,299,WGS,SAMD00889237,DRR658771
PRJNA698366,SRR29257785,SAMN41640539,public,2025-06-30,METAGENOMIC,RANDOM PCR,PAIRED,ILLUMINA,Illumina NovaSeq 6000,human nasopharyngeal metagenome,2965,290,WGS,SAMN41640539,SRR29257785
PRJNA1129267,SRR29646172,SAMN42148623,public,2025-06-21,TRANSCRIPTOMIC,other,PAIRED,ILLUMINA,Illumina NovaSeq 6000,human oral metagenome,4073,302,RNA-Seq,SAMN42148623,SRR29646172
PRJEB79944,ERR15003884,SAMEA118336086,public,2025-05-22,METAGENOMIC,RANDOM,PAIRED,ILLUMINA,Illumina NovaSeq 6000,human oral metagenome,6181,292,WGS,SAMEA118336086,ERR15003884
PRJNA1129267,SRR29646176,SAMN42148611,public,2025-06-21,TRANSCRIPTOMIC,other,PAIRED,ILLUMINA,Illumina NovaSeq 6000,human oral metagenome,3982,302,RNA-Seq,SAMN42148611,SRR29646176
PRJEB74139,ERR12814859,SAMEA115430621,public,2025-05-02,METAGENOMIC,RANDOM,PAIRED,ILLUMINA,Illumina NovaSeq 6000,human oral metagenome,8149,300,WGS,SAMEA115430621,ERR12814859
PRJNA1129267,SRR29646169,SAMN42148613,public,2025-06-21,TRANSCRIPTOMIC,other,PAIRED,ILLUMINA,Illumina NovaSeq 6000,human oral metagenome,4278,302,RNA-Seq,SAMN42148613,SRR29646169
PRJEB79944,ERR15003784,SAMEA118335986,public,2025-05-21,METAGENOMIC,RANDOM,PAIRED,ILLUMINA,Illumina NovaSeq 6000,human oral metagenome,7253,291,WGS,SAMEA118335986,ERR15003784
PRJNA1268909,SRR33730262,SAMN48767577,public,2025-05-28,METAGENOMIC,RANDOM,PAIRED,ILLUMINA,Illumina NovaSeq X Plus,human oral metagenome,3135,264,WGS,SAMN48767577,SRR33730262
PRJNA698366,SRR29257988,SAMN41640496,public,2025-06-30,METAGENOMIC,RANDOM PCR,PAIRED,ILLUMINA,Illumina NovaSeq 6000,human nasopharyngeal metagenome,1316,294,WGS,SAMN41640496,SRR29257988
PRJDB20343,DRR658781,SAMD00889247,public,2025-05-01,METAGENOMIC,RANDOM,PAIRED,ILLUMINA,Illumina NovaSeq X,human oral metagenome,7266,299,WGS,SAMD00889247,DRR658781
PRJEB74139,ERR12814863,SAMEA115430624,public,2025-05-02,METAGENOMIC,RANDOM,PAIRED,ILLUMINA,Illumina NovaSeq 6000,human oral metagenome,8031,300,WGS,SAMEA115430624,ERR12814863
PRJNA1129267,SRR29646167,SAMN42148615,public,2025-06-21,TRANSCRIPTOMIC,other,PAIRED,ILLUMINA,Illumina NovaSeq 6000,human oral metagenome,3744,302,RNA-Seq,SAMN42148615,SRR29646167
PRJNA1129267,SRR29646170,SAMN42148612,public,2025-06-21,TRANSCRIPTOMIC,other,PAIRED,ILLUMINA,Illumina NovaSeq 6000,human oral metagenome,3615,302,RNA-Seq,SAMN42148612,SRR29646170
PRJEB79944,ERR15003930,SAMEA118336132,public,2025-05-21,METAGENOMIC,RANDOM,PAIRED,ILLUMINA,Illumina NovaSeq 6000,human oral metagenome,9114,275,WGS,SAMEA118336132,ERR15003930
PRJNA1268909,SRR33730256,SAMN48767565,public,2025-05-28,METAGENOMIC,RANDOM,PAIRED,ILLUMINA,Illumina NovaSeq X Plus,human oral metagenome,2735,281,WGS,SAMN48767565,SRR33730256
PRJEB79944,ERR15003786,SAMEA118335988,public,2025-05-21,METAGENOMIC,RANDOM,PAIRED,ILLUMINA,Illumina NovaSeq 6000,human oral metagenome,5190,295,WGS,SAMEA118335988,ERR15003786
PRJNA698366,SRR29257786,SAMN41640538,public,2025-06-30,METAGENOMIC,RANDOM PCR,PAIRED,ILLUMINA,Illumina NovaSeq 6000,human nasopharyngeal metagenome,2412,292,WGS,SAMN41640538,SRR29257786
PRJNA1268909,SRR33730226,SAMN48767610,public,2025-05-28,METAGENOMIC,RANDOM,PAIRED,ILLUMINA,Illumina NovaSeq X Plus,human oral metagenome,5328,240,WGS,SAMN48767610,SRR33730226
PRJDB20343,DRR658782,SAMD00889248,public,2025-05-01,METAGENOMIC,RANDOM,PAIRED,ILLUMINA,Illumina NovaSeq X,human oral metagenome,6202,299,WGS,SAMD00889248,DRR658782
PRJEB79944,ERR15003946,SAMEA118336148,public,2025-05-22,METAGENOMIC,RANDOM,PAIRED,ILLUMINA,Illumina NovaSeq 6000,human oral metagenome,6966,285,WGS,SAMEA118336148,ERR15003946
PRJEB79944,ERR15003936,SAMEA118336138,public,2025-05-21,METAGENOMIC,RANDOM,PAIRED,ILLUMINA,Illumina NovaSeq 6000,human oral metagenome,5056,290,WGS,SAMEA118336138,ERR15003936
PRJNA1129267,SRR29646168,SAMN42148614,public,2025-06-21,TRANSCRIPTOMIC,other,PAIRED,ILLUMINA,Illumina NovaSeq 6000,human oral metagenome,3994,302,RNA-Seq,SAMN42148614,SRR29646168
PRJNA698366,SRR29257787,SAMN41640537,public,2025-06-30,METAGENOMIC,RANDOM PCR,PAIRED,ILLUMINA,Illumina NovaSeq 6000,human nasopharyngeal metagenome,2538,290,WGS,SAMN41640537,SRR29257787
PRJNA1268909,SRR33730243,SAMN48767594,public,2025-05-28,METAGENOMIC,RANDOM,PAIRED,ILLUMINA,Illumina NovaSeq X Plus,human oral metagenome,2936,267,WGS,SAMN48767594,SRR33730243
PRJNA1268909,SRR33730255,SAMN48767583,public,2025-05-28,METAGENOMIC,RANDOM,PAIRED,ILLUMINA,Illumina NovaSeq X Plus,human oral metagenome,4061,274,WGS,SAMN48767583,SRR33730255
PRJNA698366,SRR29257784,SAMN41640540,public,2025-06-30,METAGENOMIC,RANDOM PCR,PAIRED,ILLUMINA,Illumina NovaSeq 6000,human nasopharyngeal metagenome,1293,289,WGS,SAMN41640540,SRR29257784
PRJEB79944,ERR15003941,SAMEA118336143,public,2025-05-21,METAGENOMIC,RANDOM,PAIRED,ILLUMINA,Illumina NovaSeq 6000,human oral metagenome,5255,291,WGS,SAMEA118336143,ERR15003941
PRJDB20343,DRR658760,SAMD00889226,public,2025-05-01,METAGENOMIC,RANDOM,PAIRED,ILLUMINA,Illumina NovaSeq X,human oral metagenome,6738,299,WGS,SAMD00889226,DRR658760
PRJEB79944,ERR15003805,SAMEA118336007,public,2025-05-22,METAGENOMIC,RANDOM,PAIRED,ILLUMINA,Illumina NovaSeq 6000,human oral metagenome,7397,291,WGS,SAMEA118336007,ERR15003805
PRJEB74139,ERR12814865,SAMEA115430625,public,2025-05-02,METAGENOMIC,RANDOM,PAIRED,ILLUMINA,Illumina NovaSeq 6000,human oral metagenome,9449,300,WGS,SAMEA115430625,ERR12814865
PRJDB20343,DRR658753,SAMD00889219,public,2025-05-01,METAGENOMIC,RANDOM,PAIRED,ILLUMINA,Illumina NovaSeq X,human oral metagenome,8055,298,WGS,SAMD00889219,DRR658753
PRJEB74139,ERR12814951,SAMEA115430616,public,2025-05-02,METAGENOMIC,RANDOM,PAIRED,ILLUMINA,Illumina NovaSeq 6000,human oral metagenome,8073,300,WGS,SAMEA115430616,ERR12814951
PRJDB20343,DRR658758,SAMD00889224,public,2025-05-01,METAGENOMIC,RANDOM,PAIRED,ILLUMINA,Illumina NovaSeq X,human oral metagenome,4709,299,WGS,SAMD00889224,DRR658758
PRJDB20343,DRR658779,SAMD00889245,public,2025-05-01,METAGENOMIC,RANDOM,PAIRED,ILLUMINA,Illumina NovaSeq X,human oral metagenome,3650,299,WGS,SAMD00889245,DRR658779
PRJEB79944,ERR15003956,SAMEA118336158,public,2025-05-21,METAGENOMIC,RANDOM,PAIRED,ILLUMINA,Illumina NovaSeq 6000,human oral metagenome,4923,295,WGS,SAMEA118336158,ERR15003956
PRJDB20343,DRR658757,SAMD00889223,public,2025-05-01,METAGENOMIC,RANDOM,PAIRED,ILLUMINA,Illumina NovaSeq X,human oral metagenome,9683,299,WGS,SAMD00889223,DRR658757
PRJNA1268909,SRR33730230,SAMN48767606,public,2025-05-28,METAGENOMIC,RANDOM,PAIRED,ILLUMINA,Illumina NovaSeq X Plus,human oral metagenome,3509,259,WGS,SAMN48767606,SRR33730230
PRJNA698366,SRR29257912,SAMN41640426,public,2025-06-30,METAGENOMIC,RANDOM PCR,PAIRED,ILLUMINA,Illumina NovaSeq 6000,human nasopharyngeal metagenome,1161,296,WGS,SAMN41640426,SRR29257912
PRJNA1268909,SRR33730247,SAMN48767591,public,2025-05-28,METAGENOMIC,RANDOM,PAIRED,ILLUMINA,Illumina NovaSeq X Plus,human oral metagenome,5320,281,WGS,SAMN48767591,SRR33730247
PRJNA1268909,SRR33730233,SAMN48767603,public,2025-05-28,METAGENOMIC,RANDOM,PAIRED,ILLUMINA,Illumina NovaSeq X Plus,human oral metagenome,3553,233,WGS,SAMN48767603,SRR33730233
PRJEB74139,ERR12814947,SAMEA115430613,public,2025-05-02,METAGENOMIC,RANDOM,PAIRED,ILLUMINA,Illumina NovaSeq 6000,human oral metagenome,8663,300,WGS,SAMEA115430613,ERR12814947
PRJEB74139,ERR12814953,SAMEA115430618,public,2025-05-02,METAGENOMIC,RANDOM,PAIRED,ILLUMINA,Illumina NovaSeq 6000,human oral metagenome,9911,300,WGS,SAMEA115430618,ERR12814953
PRJNA1268909,SRR33730196,SAMN48767637,public,2025-05-28,METAGENOMIC,RANDOM,PAIRED,ILLUMINA,Illumina NovaSeq X Plus,human oral metagenome,3099,255,WGS,SAMN48767637,SRR33730196
PRJDB20343,DRR658774,SAMD00889240,public,2025-05-01,METAGENOMIC,RANDOM,PAIRED,ILLUMINA,Illumina NovaSeq X,human oral metagenome,4248,299,WGS,SAMD00889240,DRR658774
PRJDB20343,DRR658764,SAMD00889230,public,2025-05-01,METAGENOMIC,RANDOM,PAIRED,ILLUMINA,Illumina NovaSeq X,human oral metagenome,3157,299,WGS,SAMD00889230,DRR658764
PRJEB74139,ERR12814939,SAMEA115430608,public,2025-05-02,METAGENOMIC,RANDOM,PAIRED,ILLUMINA,Illumina NovaSeq 6000,human oral metagenome,8751,300,WGS,SAMEA115430608,ERR12814939
PRJEB74139,ERR12814952,SAMEA115430617,public,2025-05-02,METAGENOMIC,RANDOM,PAIRED,ILLUMINA,Illumina NovaSeq 6000,human oral metagenome,9263,300,WGS,SAMEA115430617,ERR12814952
PRJNA1268909,SRR33730229,SAMN48767607,public,2025-05-28,METAGENOMIC,RANDOM,PAIRED,ILLUMINA,Illumina NovaSeq X Plus,human oral metagenome,9659,245,WGS,SAMN48767607,SRR33730229
PRJEB74139,ERR12814948,SAMEA115430614,public,2025-05-02,METAGENOMIC,RANDOM,PAIRED,ILLUMINA,Illumina NovaSeq 6000,human oral metagenome,8280,300,WGS,SAMEA115430614,ERR12814948
PRJNA1268909,SRR33730257,SAMN48767582,public,2025-05-28,METAGENOMIC,RANDOM,PAIRED,ILLUMINA,Illumina NovaSeq X Plus,human oral metagenome,3957,264,WGS,SAMN48767582,SRR33730257
PRJEB74139,ERR12814861,SAMEA115430623,public,2025-05-02,METAGENOMIC,RANDOM,PAIRED,ILLUMINA,Illumina NovaSeq 6000,human oral metagenome,8371,300,WGS,SAMEA115430623,ERR12814861
PRJEB79944,ERR15003799,SAMEA118336001,public,2025-05-22,METAGENOMIC,RANDOM,PAIRED,ILLUMINA,Illumina NovaSeq 6000,human oral metagenome,5525,291,WGS,SAMEA118336001,ERR15003799
PRJEB74139,ERR12814944,SAMEA115430611,public,2025-05-02,METAGENOMIC,RANDOM,PAIRED,ILLUMINA,Illumina NovaSeq 6000,human oral metagenome,9743,300,WGS,SAMEA115430611,ERR12814944
PRJDB20343,DRR658772,SAMD00889238,public,2025-05-01,METAGENOMIC,RANDOM,PAIRED,ILLUMINA,Illumina NovaSeq X,human oral metagenome,8988,299,WGS,SAMD00889238,DRR658772
PRJEB79944,ERR15003906,SAMEA118336108,public,2025-05-21,METAGENOMIC,RANDOM,PAIRED,ILLUMINA,Illumina NovaSeq 6000,human oral metagenome,8094,289,WGS,SAMEA118336108,ERR15003906
PRJNA1268909,SRR33730261,SAMN48767578,public,2025-05-28,METAGENOMIC,RANDOM,PAIRED,ILLUMINA,Illumina NovaSeq X Plus,human oral metagenome,7442,278,WGS,SAMN48767578,SRR33730261
PRJNA1129267,SRR29646166,SAMN42148616,public,2025-06-21,TRANSCRIPTOMIC,other,PAIRED,ILLUMINA,Illumina NovaSeq 6000,human oral metagenome,3651,302,RNA-Seq,SAMN42148616,SRR29646166
PRJNA1129267,SRR29646173,SAMN42148622,public,2025-06-21,TRANSCRIPTOMIC,other,PAIRED,ILLUMINA,Illumina NovaSeq 6000,human oral metagenome,3910,302,RNA-Seq,SAMN42148622,SRR29646173
PRJNA1129267,SRR29646174,SAMN42148621,public,2025-06-21,TRANSCRIPTOMIC,other,PAIRED,ILLUMINA,Illumina NovaSeq 6000,human oral metagenome,4357,302,RNA-Seq,SAMN42148621,SRR29646174
PRJEB79944,ERR15003911,SAMEA118336113,public,2025-05-22,METAGENOMIC,RANDOM,PAIRED,ILLUMINA,Illumina NovaSeq 6000,human oral metagenome,5370,294,WGS,SAMEA118336113,ERR15003911
PRJDB20343,DRR658776,SAMD00889242,public,2025-05-01,METAGENOMIC,RANDOM,PAIRED,ILLUMINA,Illumina NovaSeq X,human oral metagenome,6142,299,WGS,SAMD00889242,DRR658776
PRJEB79944,ERR15003960,SAMEA118336162,public,2025-05-21,METAGENOMIC,RANDOM,PAIRED,ILLUMINA,Illumina NovaSeq 6000,human oral metagenome,5765,289,WGS,SAMEA118336162,ERR15003960
PRJEB74139,ERR12814934,SAMEA115430606,public,2025-05-02,METAGENOMIC,RANDOM,PAIRED,ILLUMINA,Illumina NovaSeq 6000,human oral metagenome,8916,300,WGS,SAMEA115430606,ERR12814934
PRJNA698366,SRR29257929,SAMN41640345,public,2025-06-30,METAGENOMIC,RANDOM PCR,PAIRED,ILLUMINA,Illumina NovaSeq 6000,human nasopharyngeal metagenome,1059,297,WGS,SAMN41640345,SRR29257929
PRJEB79944,ERR15003757,SAMEA118335959,public,2025-05-22,METAGENOMIC,RANDOM,PAIRED,ILLUMINA,Illumina NovaSeq 6000,human oral metagenome,6067,289,WGS,SAMEA118335959,ERR15003757
PRJNA1268909,SRR33730235,SAMN48767602,public,2025-05-28,METAGENOMIC,RANDOM,PAIRED,ILLUMINA,Illumina NovaSeq X Plus,human oral metagenome,3196,249,WGS,SAMN48767602,SRR33730235
PRJDB20343,DRR658778,SAMD00889244,public,2025-05-01,METAGENOMIC,RANDOM,PAIRED,ILLUMINA,Illumina NovaSeq X,human oral metagenome,6228,299,WGS,SAMD00889244,DRR658778
PRJEB79944,ERR15003785,SAMEA118335987,public,2025-05-21,METAGENOMIC,RANDOM,PAIRED,ILLUMINA,Illumina NovaSeq 6000,human oral metagenome,4947,290,WGS,SAMEA118335987,ERR15003785
PRJEB74139,ERR12814946,SAMEA115430612,public,2025-05-02,METAGENOMIC,RANDOM,PAIRED,ILLUMINA,Illumina NovaSeq 6000,human oral metagenome,9311,300,WGS,SAMEA115430612,ERR12814946
PRJNA698366,SRR29257893,SAMN41640507,public,2025-06-30,METAGENOMIC,RANDOM PCR,PAIRED,ILLUMINA,Illumina NovaSeq 6000,human nasopharyngeal metagenome,1660,293,WGS,SAMN41640507,SRR29257893
PRJNA1129267,SRR29646164,SAMN42148618,public,2025-06-21,TRANSCRIPTOMIC,other,PAIRED,ILLUMINA,Illumina NovaSeq 6000,human oral metagenome,4389,302,RNA-Seq,SAMN42148618,SRR29646164
PRJDB20343,DRR658769,SAMD00889235,public,2025-05-01,METAGENOMIC,RANDOM,PAIRED,ILLUMINA,Illumina NovaSeq X,human oral metagenome,6272,297,WGS,SAMD00889235,DRR658769
PRJEB74139,ERR12814930,SAMEA115430603,public,2025-05-02,METAGENOMIC,RANDOM,PAIRED,ILLUMINA,Illumina NovaSeq 6000,human oral metagenome,8998,300,WGS,SAMEA115430603,ERR12814930
PRJNA698366,SRR29258115,SAMN41640384,public,2025-06-30,METAGENOMIC,RANDOM PCR,PAIRED,ILLUMINA,Illumina NovaSeq 6000,human nasopharyngeal metagenome,1166,292,WGS,SAMN41640384,SRR29258115
PRJDB20343,DRR658759,SAMD00889225,public,2025-05-01,METAGENOMIC,RANDOM,PAIRED,ILLUMINA,Illumina NovaSeq X,human oral metagenome,4104,299,WGS,SAMD00889225,DRR658759
PRJNA1129267,SRR29646175,SAMN42148620,public,2025-06-21,TRANSCRIPTOMIC,other,PAIRED,ILLUMINA,Illumina NovaSeq 6000,human oral metagenome,3958,302,RNA-Seq,SAMN42148620,SRR29646175
PRJNA1268909,SRR33730205,SAMN48767629,public,2025-05-28,METAGENOMIC,RANDOM,PAIRED,ILLUMINA,Illumina NovaSeq X Plus,human oral metagenome,3800,255,WGS,SAMN48767629,SRR33730205
PRJNA1268909,SRR33730246,SAMN48767592,public,2025-05-28,METAGENOMIC,RANDOM,PAIRED,ILLUMINA,Illumina NovaSeq X Plus,human oral metagenome,3616,275,WGS,SAMN48767592,SRR33730246
PRJDB20343,DRR658755,SAMD00889221,public,2025-05-01,METAGENOMIC,RANDOM,PAIRED,ILLUMINA,Illumina NovaSeq X,human oral metagenome,8781,299,WGS,SAMD00889221,DRR658755
PRJEB79944,ERR15003953,SAMEA118336155,public,2025-05-21,METAGENOMIC,RANDOM,PAIRED,ILLUMINA,Illumina NovaSeq 6000,human oral metagenome,7655,292,WGS,SAMEA118336155,ERR15003953
PRJEB79944,ERR15003765,SAMEA118335967,public,2025-05-21,METAGENOMIC,RANDOM,PAIRED,ILLUMINA,Illumina NovaSeq 6000,human oral metagenome,5048,291,WGS,SAMEA118335967,ERR15003765
PRJNA1268909,SRR33730219,SAMN48767616,public,2025-05-28,METAGENOMIC,RANDOM,PAIRED,ILLUMINA,Illumina NovaSeq X Plus,human oral metagenome,6119,241,WGS,SAMN48767616,SRR33730219
PRJEB74139,ERR12814943,SAMEA115430610,public,2025-05-02,METAGENOMIC,RANDOM,PAIRED,ILLUMINA,Illumina NovaSeq 6000,human oral metagenome,9509,300,WGS,SAMEA115430610,ERR12814943
PRJEB79944,ERR15003952,SAMEA118336154,public,2025-05-21,METAGENOMIC,RANDOM,PAIRED,ILLUMINA,Illumina NovaSeq 6000,human oral metagenome,4945,288,WGS,SAMEA118336154,ERR15003952
PRJNA1129267,SRR29646165,SAMN42148617,public,2025-06-21,TRANSCRIPTOMIC,other,PAIRED,ILLUMINA,Illumina NovaSeq 6000,human oral metagenome,3902,302,RNA-Seq,SAMN42148617,SRR29646165
PRJNA1268909,SRR33730232,SAMN48767604,public,2025-05-28,METAGENOMIC,RANDOM,PAIRED,ILLUMINA,Illumina NovaSeq X Plus,human oral metagenome,8318,264,WGS,SAMN48767604,SRR33730232
PRJNA698366,SRR29257947,SAMN41640328,public,2025-06-30,METAGENOMIC,RANDOM PCR,PAIRED,ILLUMINA,Illumina NovaSeq 6000,human nasopharyngeal metagenome,1376,285,WGS,SAMN41640328,SRR29257947
PRJEB74139,ERR12814868,SAMEA115430628,public,2025-05-02,METAGENOMIC,RANDOM,PAIRED,ILLUMINA,Illumina NovaSeq 6000,human oral metagenome,8161,300,WGS,SAMEA115430628,ERR12814868
PRJNA1268909,SRR33730200,SAMN48767633,public,2025-05-28,METAGENOMIC,RANDOM,PAIRED,ILLUMINA,Illumina NovaSeq X Plus,human oral metagenome,6277,252,WGS,SAMN48767633,SRR33730200
PRJDB20343,DRR658756,SAMD00889222,public,2025-05-01,METAGENOMIC,RANDOM,PAIRED,ILLUMINA,Illumina NovaSeq X,human oral metagenome,5925,299,WGS,SAMD00889222,DRR658756
PRJEB74139,ERR12814936,SAMEA115430607,public,2025-05-02,METAGENOMIC,RANDOM,PAIRED,ILLUMINA,Illumina NovaSeq 6000,human oral metagenome,8546,300,WGS,SAMEA115430607,ERR12814936
PRJEB79944,ERR15003723,SAMEA118335925,public,2025-05-21,METAGENOMIC,RANDOM,PAIRED,ILLUMINA,Illumina NovaSeq 6000,human oral metagenome,9571,291,WGS,SAMEA118335925,ERR15003723
